donor_id	vcf_iid	gsa_slot	rou_id
531	3_23005#X0030449#207435550051#R02C01	3	X0030449
SK10813	4_23005#X0030450#207435550051#R03C01	4	X0030450
SK00387	5_23005#X0030451#207435550051#R04C01	5	X0030451
SK00136	6_23005#X0030452#207435550051#R05C01	6	X0030452
SK00440	7_23005#X0030453#207435550051#R06C01	7	X0030453
SK00143	8_23005#X0030454#207435550051#R07C01	8	X0030454
1487	9_23005#X0030455#207435550051#R08C01	9	X0030455
SK10727	10_23005#X0030456#207435550051#R09C01	10	X0030456
2010	11_23005#X0030457#207435550051#R10C01	11	X0030457
SK00398	12_23005#X0030458#207435550051#R11C01	12	X0030458
SK10540	13_23005#X0030459#207435550051#R12C01	13	X0030459
SK00016	14_23005#X0030460#207435550051#R01C02	14	X0030460
SK00383	15_23005#X0030461#207435550051#R02C02	15	X0030461
SK00181	17_23005#X0030463#207435550051#R04C02	17	X0030463
ET_S_161	18_23005#X0030464#207435550051#R05C02	18	X0030464
609	19_23005#X0030465#207435550051#R06C02	19	X0030465
ET_S_189	20_23005#X0030466#207435550051#R07C02	20	X0030466
ET_S_191	21_23005#X0030467#207435550051#R08C02	21	X0030467
1535	22_23005#X0030468#207435550051#R09C02	22	X0030468
ET_S_212	23_23005#X0030469#207435550051#R10C02	23	X0030469
ET_S_221	24_23005#X0030470#207435550051#R11C02	24	X0030470
ET_S_224	25_23005#X0030471#207435550051#R12C02	25	X0030471
ET_S_248	27_23005#X0030473#207439570082#R02C01	27	X0030473
ET_S_302	28_23005#X0030474#207439570082#R03C01	28	X0030474
ET_S_329	29_23005#X0030475#207439570082#R04C01	29	X0030475
ET_S_350	30_23005#X0030476#207439570082#R05C01	30	X0030476
ET_S_358	31_23005#X0030477#207439570082#R06C01	31	X0030477
ET_S_374	32_23005#X0030478#207439570082#R07C01	32	X0030478
ET_S_383	33_23005#X0030479#207439570082#R08C01	33	X0030479
411	34_23005#X0030480#207439570082#R09C01	34	X0030480
428	35_23005#X0030481#207439570082#R10C01	35	X0030481
445	36_23005#X0030482#207439570082#R11C01	36	X0030482
461	37_23005#X0030483#207439570082#R12C01	37	X0030483
467	38_23005#X0030484#207439570082#R01C02	38	X0030484
488	39_23005#X0030485#207439570082#R02C02	39	X0030485
503	40_23005#X0030486#207439570082#R03C02	40	X0030486
505	41_23005#X0030487#207439570082#R04C02	41	X0030487
513	42_23005#X0030488#207439570082#R05C02	42	X0030488
515	43_23005#X0030489#207439570082#R06C02	43	X0030489
528	44_23005#X0030490#207439570082#R07C02	44	X0030490
ET_S_203	45_23005#X0030491#207439570082#R08C02	45	X0030491
533	46_23005#X0030492#207439570082#R09C02	46	X0030492
537	47_23005#X0030493#207439570082#R10C02	47	X0030493
557	48_23005#X0030494#207439570082#R11C02	48	X0030494
558	49_23005#X0030495#207439570082#R12C02	49	X0030495
568	50_23005#X0030496#207439570043#R01C01	50	X0030496
580	51_23005#X0030497#207439570043#R02C01	51	X0030497
586	52_23005#X0030498#207439570043#R03C01	52	X0030498
1274	53_23005#X0030499#207439570043#R04C01	53	X0030499
615	54_23005#X0030500#207439570043#R05C01	54	X0030500
616	55_23005#X0030501#207439570043#R06C01	55	X0030501
627	56_23005#X0030502#207439570043#R07C01	56	X0030502
1783	57_23005#X0030503#207439570043#R08C01	57	X0030503
638	58_23005#X0030504#207439570043#R09C01	58	X0030504
645	59_23005#X0030505#207439570043#R10C01	59	X0030505
650	60_23005#X0030506#207439570043#R11C01	60	X0030506
708	61_23005#X0030507#207439570043#R12C01	61	X0030507
726	63_23005#X0030509#207439570043#R02C02	63	X0030509
727	64_23005#X0030510#207439570043#R03C02	64	X0030510
741	65_23005#X0030511#207439570043#R04C02	65	X0030511
770	66_23005#X0030512#207439570043#R05C02	66	X0030512
ET_S_237	67_23005#X0030513#207439570043#R06C02	67	X0030513
780	68_23005#X0030514#207439570043#R07C02	68	X0030514
782	69_23005#X0030515#207439570043#R08C02	69	X0030515
785	70_23005#X0030516#207439570043#R09C02	70	X0030516
968	71_23005#X0030517#207439570043#R10C02	71	X0030517
797	72_23005#X0030518#207439570043#R11C02	72	X0030518
798	73_23005#X0030519#207439570043#R12C02	73	X0030519
808	74_23005#X0030520#207442160086#R01C01	74	X0030520
814	75_23005#X0030521#207442160086#R02C01	75	X0030521
821	76_23005#X0030522#207442160086#R03C01	76	X0030522
850	77_23005#X0030523#207442160086#R04C01	77	X0030523
881	78_23005#X0030524#207442160086#R05C01	78	X0030524
883	79_23005#X0030525#207442160086#R06C01	79	X0030525
965	80_23005#X0030526#207442160086#R07C01	80	X0030526
974	82_23005#X0030528#207442160086#R09C01	82	X0030528
989	83_23005#X0030529#207442160086#R10C01	83	X0030529
1117	84_23005#X0030530#207442160086#R11C01	84	X0030530
1194	85_23005#X0030531#207442160086#R12C01	85	X0030531
1252	86_23005#X0030532#207442160086#R01C02	86	X0030532
724	87_23005#X0030533#207442160086#R02C02	87	X0030533
1291	88_23005#X0030534#207442160086#R03C02	88	X0030534
1344	89_23005#X0030535#207442160086#R04C02	89	X0030535
1374	90_23005#X0030536#207442160086#R05C02	90	X0030536
1389	91_23005#X0030537#207442160086#R06C02	91	X0030537
1391	92_23005#X0030538#207442160086#R07C02	92	X0030538
1402	93_23005#X0030539#207442160086#R08C02	93	X0030539
1419	94_23005#X0030540#207442160086#R09C02	94	X0030540
1443	95_23005#X0030541#207442160086#R10C02	95	X0030541
1454	96_23005#X0030542#207442160086#R11C02	96	X0030542
1495	98_23005#X0030544#207442160059#R01C01	98	X0030544
SK00162	99_23005#X0030545#207442160059#R02C01	99	X0030545
1547	100_23005#X0030546#207442160059#R03C01	100	X0030546
1582	101_23005#X0030547#207442160059#R04C01	101	X0030547
SK00407	102_23005#X0030548#207442160059#R05C01	102	X0030548
1888	103_23005#X0030549#207442160059#R06C01	103	X0030549
1763	104_23005#X0030550#207442160059#R07C01	104	X0030550
SK00028	105_23005#X0030551#207442160059#R08C01	105	X0030551
1881	106_23005#X0030552#207442160059#R09C01	106	X0030552
796	108_23005#X0030554#207442160059#R11C01	108	X0030554
1990	109_23005#X0030555#207442160059#R12C01	109	X0030555
1687	110_23005#X0030556#207442160059#R01C02	110	X0030556
1900	111_23005#X0030543#207442160059#R02C02	111	X0030543
